{"cameraMode":{"drawMode":0,"name":"Shaded","section":"Shading Mode"},"sceneLighting":false,"audioPlay":false,"sceneViewState":{"showFog":true,"showMaterialUpdate":true,"showSkybox":false,"showFlares":true,"showImageEffects":true,"showParticleSystems":true},"in2DMode":false,"pivot":{"x":0.0,"y":6.254960060119629,"z":0.7420821189880371},"rotation":{"x":0.6310452818870544,"y":-0.17512696981430055,"z":0.15016300976276399,"w":0.7414909601211548},"size":26.118730545043947,"orthographic":false}