{"cameraMode":{"drawMode":0,"name":"Shaded","section":"Shading Mode"},"sceneLighting":false,"audioPlay":false,"sceneViewState":{"showFog":true,"showMaterialUpdate":true,"showSkybox":false,"showFlares":true,"showImageEffects":true,"showParticleSystems":true},"in2DMode":false,"pivot":{"x":-12.655591011047364,"y":2.9449703693389894,"z":2.4251160621643068},"rotation":{"x":0.046184759587049487,"y":-0.732843279838562,"z":0.04998688027262688,"w":0.6769968867301941},"size":7.08281135559082,"orthographic":false}