{"cameraMode":{"drawMode":0,"name":"Shaded","section":"Shading Mode"},"sceneLighting":false,"audioPlay":false,"sceneViewState":{"showFog":true,"showMaterialUpdate":true,"showSkybox":false,"showFlares":true,"showImageEffects":true,"showParticleSystems":true},"in2DMode":false,"pivot":{"x":0.0,"y":0.15155978500843049,"z":5.960464477539063e-8},"rotation":{"x":0.24324771761894227,"y":0.7133829593658447,"z":-0.2923567295074463,"w":0.5891762971878052},"size":9.347199440002442,"orthographic":false}