{"cameraMode":{"drawMode":0,"name":"Shaded","section":"Shading Mode"},"sceneLighting":false,"audioPlay":false,"sceneViewState":{"showFog":true,"showMaterialUpdate":true,"showSkybox":false,"showFlares":true,"showImageEffects":true,"showParticleSystems":true},"in2DMode":false,"pivot":{"x":-5.960464477539063e-7,"y":1.1335422992706299,"z":0.0140523761510849},"rotation":{"x":-0.051213283091783527,"y":-0.9123843908309937,"z":0.1199677437543869,"w":-0.3882319927215576},"size":6.027956962585449,"orthographic":false}