{"cameraMode":{"drawMode":0,"name":"Shaded","section":"Shading Mode"},"sceneLighting":false,"audioPlay":false,"sceneViewState":{"showFog":true,"showMaterialUpdate":true,"showSkybox":false,"showFlares":true,"showImageEffects":true,"showParticleSystems":true},"in2DMode":false,"pivot":{"x":-5.960464477539063e-7,"y":1.140848159790039,"z":-0.0034208595752716066},"rotation":{"x":-0.5435692071914673,"y":-0.08283030241727829,"z":0.053891077637672427,"w":-0.8336362838745117},"size":9.83890151977539,"orthographic":false}