{"cameraMode":{"drawMode":0,"name":"Shaded","section":"Shading Mode"},"sceneLighting":false,"audioPlay":false,"sceneViewState":{"showFog":true,"showMaterialUpdate":true,"showSkybox":false,"showFlares":true,"showImageEffects":true,"showParticleSystems":true},"in2DMode":false,"pivot":{"x":1.2760003805160523,"y":0.18297994136810304,"z":-2.249842405319214},"rotation":{"x":-0.011497514322400093,"y":-0.9867618680000305,"z":0.14186567068099976,"w":-0.07891511172056198},"size":6.047143936157227,"orthographic":false}