{"cameraMode":{"drawMode":0,"name":"Shaded","section":"Shading Mode"},"sceneLighting":false,"audioPlay":false,"sceneViewState":{"showFog":true,"showMaterialUpdate":true,"showSkybox":false,"showFlares":true,"showImageEffects":true,"showParticleSystems":true},"in2DMode":false,"pivot":{"x":-3.5762786865234377e-7,"y":0.7779464721679688,"z":-0.009220555424690247},"rotation":{"x":-0.24565143883228303,"y":-0.669461190700531,"z":0.25097060203552248,"w":-0.654731273651123},"size":4.028295516967773,"orthographic":false}