{"cameraMode":{"drawMode":0,"name":"Shaded","section":"Shading Mode"},"sceneLighting":false,"audioPlay":false,"sceneViewState":{"showFog":true,"showMaterialUpdate":true,"showSkybox":false,"showFlares":true,"showImageEffects":true,"showParticleSystems":true},"in2DMode":false,"pivot":{"x":-4.76837158203125e-7,"y":1.1540518999099732,"z":0.010085970163345337},"rotation":{"x":0.0055357422679662708,"y":0.9293016791343689,"z":-0.369021475315094,"w":0.013940432108938694},"size":6.07765531539917,"orthographic":false}