{"cameraMode":{"drawMode":0,"name":"Shaded","section":"Shading Mode"},"sceneLighting":false,"audioPlay":false,"sceneViewState":{"showFog":true,"showMaterialUpdate":true,"showSkybox":false,"showFlares":true,"showImageEffects":true,"showParticleSystems":true},"in2DMode":false,"pivot":{"x":0.0,"y":1.0750000476837159,"z":-1.4901161193847657e-8},"rotation":{"x":0.11159056425094605,"y":-0.8231420516967773,"z":0.17364069819450379,"w":0.5289984941482544},"size":1.072500228881836,"orthographic":false}