{"cameraMode":{"drawMode":0,"name":"Shaded","section":"Shading Mode"},"sceneLighting":true,"audioPlay":false,"sceneViewState":{"showFog":false,"showMaterialUpdate":false,"showSkybox":false,"showFlares":false,"showImageEffects":false,"showParticleSystems":false},"in2DMode":false,"pivot":{"x":-24.838764190673829,"y":7.632692337036133,"z":-6.559453964233398},"rotation":{"x":-0.3629681169986725,"y":-0.339262992143631,"z":0.1438627988100052,"w":-0.8558598756790161},"size":4.517788887023926,"orthographic":false}