{"cameraMode":{"drawMode":0,"name":"Shaded","section":"Shading Mode"},"sceneLighting":false,"audioPlay":false,"sceneViewState":{"showFog":true,"showMaterialUpdate":true,"showSkybox":false,"showFlares":true,"showImageEffects":true,"showParticleSystems":true},"in2DMode":false,"pivot":{"x":-5.960464477539063e-7,"y":1.144209861755371,"z":0.03790394961833954},"rotation":{"x":0.0055357422679662708,"y":0.9293016791343689,"z":-0.369021475315094,"w":0.013940432108938694},"size":6.016275405883789,"orthographic":false}