{"cameraMode":{"drawMode":0,"name":"Shaded","section":"Shading Mode"},"sceneLighting":false,"audioPlay":false,"sceneViewState":{"showFog":true,"showMaterialUpdate":true,"showSkybox":false,"showFlares":true,"showImageEffects":true,"showParticleSystems":true},"in2DMode":false,"pivot":{"x":-5.960464477539063e-7,"y":1.1668472290039063,"z":0.014105767011642456},"rotation":{"x":-0.2678230106830597,"y":0.09202782064676285,"z":-0.02586613968014717,"w":-0.9588059186935425},"size":6.02702522277832,"orthographic":false}